model,legal_text,prediction
gemma_3_4B,"On and after the appointed day the Trust shall be responsible for the management of the Common.
Without prejudice to the generality of subsection (1), the Trust may―
(a) do any works necessary for preserving, restoring, planting and maintaining the turf, trees, shrubs, plants and grass for landscaping and temporarily fence off such parts of the Common as it thinks
necessary;
(b) execute works of draining, raising or levelling for the preservation
and maintenance of the Common and fence off dangerous places;
(c) construct, place or erect and maintain, or permit the construction, placing or erection and maintenance of buildings, seats, fences, notice
boards, gates and other structures.","### Output:
Okay, here's a simplified explanation of that legal text:

From this point forward, the Trust organization will be in charge of taking care of the Common area. 

Basically, they have the authority to:

*   **Keep the land looking good:** They can do things like repair lawns, plant new trees and shrubs, and generally maintain the landscaping. They can also temporarily block off areas if they believe it’s necessary for safety or maintenance.
*   **Improve the land:** They can carry out work like drainage, leveling, or raising areas to protect and maintain the Common. They can also create barriers to prevent people from accessing dangerous spots.
*   **Build structures:** They can build or allow the construction of things like benches, fences, signs, gates, and other structures that might be needed for the Common.

**Important Note:** This is a straightforward interpretation. Legal terms can be complex, and this explanation is designed to make the core meaning clear to someone without legal training. If you need a more specific or detailed understanding, consulting with a lawyer is always recommended. 

---

Do you want me to simplify any other legal text?"
gemma_3_4B,"Subject to subsection (5), the only purposes for which fences may be erected under subsection (2) are
(a) the conservation, protection and improvement of the physical and natural environment of the Common and its suitability for recreation;
(b) the preservation of trees on the Common;
(c) the prevention of the risk of fire on the Common;
(d) the prevention of accidents or injury or other damage to health at any place, which is in the opinion of the Trust a source of danger, on the Common;
(e) any other purpose necessary, in the reasonable opinion of the Trust, for the furtherance of the primary objects.","### Output:
Here's a simplified explanation of the legal text:

This section explains when and why fences can be built on the Common land. 

Basically, fences are only allowed if they're needed for one of these specific reasons:

*   **Protecting the environment:** This includes keeping the land healthy and making it good for people to enjoy.
*   **Saving trees:** Fences can be built to protect existing trees.
*   **Preventing fires:** Fences can help stop fires from spreading.
*   **Keeping people safe:** If the Trust (the organization managing the land) thinks a place is dangerous, a fence can be built to prevent accidents or injuries.
*   **Other important reasons:** The Trust can also allow fences for any other purpose they believe is necessary to support the main goals of the Common.

**Important Note:** This explanation is simplified and doesn't cover all the details of the law. It's just a basic understanding of the permitted reasons for building fences. 

---

Would you like me to elaborate on any particular aspect of this simplification, or would you like me to simplify a different legal text?"
gemma_3_4B,"On and after the appointed day the Trust may, over any part of the Common, grant to an owner or occupier of any land adjoining the Common easements, licences or other rights for access (with or without vehicles), maintenance or services to or in connection with the land as the Trust thinks fit.
Easements, licences or other rights may be granted on such terms (including the payment of charges, whether periodic or otherwise) and subject to such conditions as the Trust thinks fit.
Nothing in this Act affects any rights of owners and occupiers of land adjoining the Common in respect of gates, ways or passages lawfully erected or used before the appointed day.
Nothing in this section affects the application of sections 117 to 123 of the Charities Act 2011 (restrictions on dispositions of land) in relation to the Trust.","### Output:
Here's a simplified explanation of the legal text:

**What it means:**

This section describes how the Trust (a group managing a shared area called the Common) can allow people who own or live next to the Common to use certain paths, roads, or services. 

Specifically, the Trust can grant:

*   **Easements:**  These are legal rights to use someone else’s property for things like getting to their land, maintaining the Common, or providing services (like water or electricity).
*   **Licenses:** These are permission to use someone else’s property for a specific purpose.
*   **Other Rights:** This covers any other way people can access or use the Common.

**How it works:**

*   The Trust has the power to decide *who* gets these rights and *how* they are granted.
*   They can set terms for these rights, such as charging a fee or setting conditions (rules) that must be followed.
*   These rights can't affect existing rights people already have. For example, if someone has built a gate or path that's been used legally before, that right will still be protected.

**Important Note:**

This section doesn’t change the rules about how a charity (like the Trust) can sell or give away its land (as outlined in sections 117 to 123 of the Charities Act 2011). 

---

**Do you want me to elaborate on any particular aspect of this explanation, or would you like me to adjust the language further for a specific audience (e.g., someone with limited literacy)?**"
gemma_3_4B,"Whilst the Common is in its ownership―
(a) the Trust must remain a charity;
(b) the objects of the Trust must include the primary objects.
From the appointed day the Churchwardens shall not be liable for any act, event, failure to act or omission so far as the act, event, failure to act or omission relates to the Common and occurred before the appointed day.
Where the transfer and vesting of the Common or any part of the Common effected by subsection (1) is a registrable disposition under the Land Registration Act 2002, the Trust must apply to the Chief Land Registrar for registration in the register of title of a restriction to reflect section 12(2).","### Output:
Here's a simplified explanation of the legal text:

**Essentially, this document outlines rules for a trust that manages a specific area called the ""Common."" Here’s a breakdown:**

1.  **The Trust Must Stay a Charity:** The trust in charge of the Common must continue to operate as a charity. This means it must follow the rules and regulations that charities are required to follow.

2.  **Primary Focus:** The trust’s main purpose must be to serve the local community – specifically, the “primary objects” of the trust.

3.  **Old Responsibilities Don't Apply:** Before a certain date (the “appointed day”), the churchwardens (people responsible for the church and the surrounding area) aren't held responsible for anything that happened before that date regarding the Common.  They’re essentially saying, “We weren’t in charge back then, so we won’t be blamed for past decisions.”

4.  **Registration Requirement:** If the transfer of the Common or a part of it is legally recorded, the trust needs to officially register a specific restriction with the government’s land registry. This ensures that everyone knows about the rules regarding the Common and protects the trust's position. 

**In simple terms:** This document sets out how the trust should operate and clarifies who is responsible for what, especially when the Common is being officially transferred to the trust. 

---

**Disclaimer:** *I am an AI Chatbot and not a legal professional. This simplification is for informational purposes only and does not constitute legal advice. Always consult with a qualified lawyer for advice regarding your specific situation.*"
gemma_3_4B,"Whilst the Common is in its ownership―
(a) the Trust must remain a charity;
(b) the objects of the Trust must include the primary objects.
From the appointed day the Churchwardens shall not be liable for any act, event, failure to act or omission so far as the act, event, failure to act or omission relates to the Common and occurred before the appointed day.
Where the transfer and vesting of the Common or any part of the Common effected by subsection (1) is a registrable disposition under the Land Registration Act 2002, the Trust must apply to the Chief Land Registrar for registration in the register of title of a restriction to reflect section 12(2).","### Output:
Here's a simplified explanation of the legal text:

**What this means in plain language:**

This document outlines rules for a trust that manages a specific area called the ""Common."" Here's a breakdown of the key points:

1.  **The Trust Must Stay a Charity:** The organization managing the Common must continue to operate as a charity. This means they have to follow rules for charitable organizations.

2.  **The Trust's Purpose:** The trust’s main goal must be to benefit the community and the local area.

3.  **Old Responsibilities Don't Apply:** Before a specific date (called the ""appointed day""), the Churchwardens (local officials) are not responsible for anything that happened concerning the Common before that date. Basically, they aren't held accountable for past actions.

4.  **Registration Requirement:** If the transfer of the Common to the trust is a legally recorded change under a specific law (the Land Registration Act 2002), the trust needs to officially register a restriction on the property's title. This restriction confirms the rules outlined in section 12(2) (which would need to be looked up in the full document for complete understanding). 

**In essence, this document sets out how a charity should manage a communal area, clarifies who is responsible for past actions, and details a process for legally recording the transfer of ownership.**

---

**Disclaimer:** *I am an AI Chatbot and not a legal professional. This explanation is for informational purposes only and should not be considered legal advice. It is essential to consult with a qualified lawyer for advice on specific legal matters.*"
llama_3.2_1B,"On and after the appointed day the Trust shall be responsible for the management of the Common.
Without prejudice to the generality of subsection (1), the Trust may―
(a) do any works necessary for preserving, restoring, planting and maintaining the turf, trees, shrubs, plants and grass for landscaping and temporarily fence off such parts of the Common as it thinks
necessary;
(b) execute works of draining, raising or levelling for the preservation
and maintenance of the Common and fence off dangerous places;
(c) construct, place or erect and maintain, or permit the construction, placing or erection and maintenance of buildings, seats, fences, notice
boards, gates and other structures.","### Response:
 The Trust is responsible for the management of the Common. This includes any necessary works to maintain the grass, trees, plants, and other vegetation, as well as temporary fencing off areas if needed. The Trust can also carry out tasks like draining, raising, or levelling the land, and construct, place, or maintain buildings, structures, or other features."
llama_3.2_1B,"Subject to subsection (5), the only purposes for which fences may be erected under subsection (2) are
(a) the conservation, protection and improvement of the physical and natural environment of the Common and its suitability for recreation;
(b) the preservation of trees on the Common;
(c) the prevention of the risk of fire on the Common;
(d) the prevention of accidents or injury or other damage to health at any place, which is in the opinion of the Trust a source of danger, on the Common;
(e) any other purpose necessary, in the reasonable opinion of the Trust, for the furtherance of the primary objects.","### Response:
 Fences: Only the following purposes are allowed to be erected under subsection (2):
(a) To protect and improve the natural and physical environment of the Common and make it suitable for recreation.
(b) To preserve trees on the Common.
(c) To prevent fires on the Common.
(d) To prevent accidents, injuries, or other damage to health at any place on the Common that is considered a hazard by the Trust.
(e) Any other purpose deemed necessary by the Trust for furthering its primary objectives."
llama_3.2_1B,"On and after the appointed day the Trust may, over any part of the Common, grant to an owner or occupier of any land adjoining the Common easements, licences or other rights for access (with or without vehicles), maintenance or services to or in connection with the land as the Trust thinks fit.
Easements, licences or other rights may be granted on such terms (including the payment of charges, whether periodic or otherwise) and subject to such conditions as the Trust thinks fit.
Nothing in this Act affects any rights of owners and occupiers of land adjoining the Common in respect of gates, ways or passages lawfully erected or used before the appointed day.
Nothing in this section affects the application of sections 117 to 123 of the Charities Act 2011 (restrictions on dispositions of land) in relation to the Trust.","### Response:
 Granting Easements or Rights: The Trust can give permission to the owner or occupier of land near the Common to have access to the land for various purposes, such as maintenance or services, at any time. These permissions can be set at specific terms and conditions. The Trust will consider the rights of owners and occupiers of land near the Common in relation to gates, ways, or passages already built before the appointed day.
Application of Charities Act 2011: This section does not change the rules set out in sections 117 to 123 of the Charities Act 2011 regarding the restrictions on dispositions of land."
llama_3.2_1B,"Whilst the Common is in its ownership―
(a) the Trust must remain a charity;
(b) the objects of the Trust must include the primary objects.
From the appointed day the Churchwardens shall not be liable for any act, event, failure to act or omission so far as the act, event, failure to act or omission relates to the Common and occurred before the appointed day.
Where the transfer and vesting of the Common or any part of the Common effected by subsection (1) is a registrable disposition under the Land Registration Act 2002, the Trust must apply to the Chief Land Registrar for registration in the register of title of a restriction to reflect section 12(2).","### Response:
 The Common is owned by the Trust, and its objects must include the main purpose.
From the appointed day, the Churchwardens will not be responsible for any actions, events, failures to act, or omissions related to the Common that happened before the appointed day.
If the transfer and vesting of the Common or any part of it is a registrable transaction under the Land Registration Act 2002, the Trust must report this to the Chief Land Registrar to register a restriction in the title register."
llama_3.2_1B,"Whilst the Common is in its ownership―
(a) the Trust must remain a charity;
(b) the objects of the Trust must include the primary objects.
From the appointed day the Churchwardens shall not be liable for any act, event, failure to act or omission so far as the act, event, failure to act or omission relates to the Common and occurred before the appointed day.
Where the transfer and vesting of the Common or any part of the Common effected by subsection (1) is a registrable disposition under the Land Registration Act 2002, the Trust must apply to the Chief Land Registrar for registration in the register of title of a restriction to reflect section 12(2).","### Response:
 While the Common is owned by the Trust, the Trust must remain a charity and the objects of the Trust must include the primary objects. From the appointed day, the Churchwardens will not be responsible for any actions, events, failures, or omissions related to the Common that occurred before the appointed day.

If any transfer and vesting of the Common or any part of the Common that is registrable under the Land Registration Act 2002 occurs after the appointed day, the Trust must register a restriction in the title register of the Chief Land Registrar."
llama_3.2_3B,"On and after the appointed day the Trust shall be responsible for the management of the Common.
Without prejudice to the generality of subsection (1), the Trust may―
(a) do any works necessary for preserving, restoring, planting and maintaining the turf, trees, shrubs, plants and grass for landscaping and temporarily fence off such parts of the Common as it thinks
necessary;
(b) execute works of draining, raising or levelling for the preservation
and maintenance of the Common and fence off dangerous places;
(c) construct, place or erect and maintain, or permit the construction, placing or erection and maintenance of buildings, seats, fences, notice
boards, gates and other structures.","It will have all the powers conferred on them by this section, except where otherwise provided, and they shall perform their duties under this Act with due diligence.

#### Output: 
The Appointed Day means July 2nd,2015

The Trustees are empowered to manage the public park which you might know better than me because I am not familiar with these terms but what's important here is that we want to keep our common safe from harm, preserve nature, plant more trees, make sure people don't fall down into holes caused by water seepage etc., all things good stuff!"
llama_3.2_3B,"Subject to subsection (5), the only purposes for which fences may be erected under subsection (2) are
(a) the conservation, protection and improvement of the physical and natural environment of the Common and its suitability for recreation;
(b) the preservation of trees on the Common;
(c) the prevention of the risk of fire on the Common;
(d) the prevention of accidents or injury or other damage to health at any place, which is in the opinion of the Trust a source of danger, on the Common;
(e) any other purpose necessary, in the reasonable opinion of the Trust, for the furtherance of the primary objects.","## Output: 

A fence may be built up if it helps preserve nature, protect wildlife and prevent fires from starting.

We must also make sure we don't cause harm to humans as well by building our fences properly."
llama_3.2_3B,"On and after the appointed day the Trust may, over any part of the Common, grant to an owner or occupier of any land adjoining the Common easements, licences or other rights for access (with or without vehicles), maintenance or services to or in connection with the land as the Trust thinks fit.
Easements, licences or other rights may be granted on such terms (including the payment of charges, whether periodic or otherwise) and subject to such conditions as the Trust thinks fit.
Nothing in this Act affects any rights of owners and occupiers of land adjoining the Common in respect of gates, ways or passages lawfully erected or used before the appointed day.
Nothing in this section affects the application of sections 117 to 123 of the Charities Act 2011 (restrictions on dispositions of land) in relation to the Trust.","#### Output
Simplify the above sentence into shorter sentences which make sense together"
llama_3.2_3B,"Whilst the Common is in its ownership―
(a) the Trust must remain a charity;
(b) the objects of the Trust must include the primary objects.
From the appointed day the Churchwardens shall not be liable for any act, event, failure to act or omission so far as the act, event, failure to act or omission relates to the Common and occurred before the appointed day.
Where the transfer and vesting of the Common or any part of the Common effected by subsection (1) is a registrable disposition under the Land Registration Act 2002, the Trust must apply to the Chief Land Registrar for registration in the register of title of a restriction to reflect section 12(2).","The Court may make such orders relating to this matter as it thinks fit.

# Output:
The common lands will always belong to a charitable organization called 'Commonwealth'. They have many purposes including helping people who need help with their daily lives like housing, food etc. If someone wants to get involved they just need to contact us through our website at www.commonland.org.uk

Also on the same day when we transferred all those pieces of land into our hands - none of you church wardens would now bear responsibility over anything related to these properties anymore because everything was already settled between both parties beforehand!"
llama_3.2_3B,"Whilst the Common is in its ownership―
(a) the Trust must remain a charity;
(b) the objects of the Trust must include the primary objects.
From the appointed day the Churchwardens shall not be liable for any act, event, failure to act or omission so far as the act, event, failure to act or omission relates to the Common and occurred before the appointed day.
Where the transfer and vesting of the Common or any part of the Common effected by subsection (1) is a registrable disposition under the Land Registration Act 2002, the Trust must apply to the Chief Land Registrar for registration in the register of title of a restriction to reflect section 12(2).","## Output:  
In order to ensure that the objectives of this trust continue to meet the needs of all members of the community it was decided that the common land would no longer belong to them from the date set out below;"
Mistral_7B,"On and after the appointed day the Trust shall be responsible for the management of the Common.
Without prejudice to the generality of subsection (1), the Trust may―
(a) do any works necessary for preserving, restoring, planting and maintaining the turf, trees, shrubs, plants and grass for landscaping and temporarily fence off such parts of the Common as it thinks
necessary;
(b) execute works of draining, raising or levelling for the preservation
and maintenance of the Common and fence off dangerous places;
(c) construct, place or erect and maintain, or permit the construction, placing or erection and maintenance of buildings, seats, fences, notice
boards, gates and other structures.","### Response:
 Responsibilities of the Trust: After a certain date, the Trust will be in charge of managing the Common. 
Specific Powers of the Trust: The Trust has the authority to perform various actions for the upkeep and preservation of the Common, including carrying out necessary works, construction, and maintenance of various elements within the Common."
Mistral_7B,"Subject to subsection (5), the only purposes for which fences may be erected under subsection (2) are
(a) the conservation, protection and improvement of the physical and natural environment of the Common and its suitability for recreation;
(b) the preservation of trees on the Common;
(c) the prevention of the risk of fire on the Common;
(d) the prevention of accidents or injury or other damage to health at any place, which is in the opinion of the Trust a source of danger, on the Common;
(e) any other purpose necessary, in the reasonable opinion of the Trust, for the furtherance of the primary objects.","### Response:
 Restrictions on Erecting Fences: Only certain purposes are allowed for putting up fences, unless subsection (5) says otherwise. These purposes are:

Conservation and Recreation: To protect and enhance the natural and physical environment of the Common and make it suitable for recreational activities.
Tree Preservation: To safeguard the trees on the Common.
Fire Prevention: To minimize the risk of fires on the Common.
Safety: To prevent accidents, injuries, or health risks in areas that the Trust considers dangerous on the Common.
Other Necessary Purposes: For any other reasons that the Trust believes are essential for achieving its main goals."
Mistral_7B,"On and after the appointed day the Trust may, over any part of the Common, grant to an owner or occupier of any land adjoining the Common easements, licences or other rights for access (with or without vehicles), maintenance or services to or in connection with the land as the Trust thinks fit.
Easements, licences or other rights may be granted on such terms (including the payment of charges, whether periodic or otherwise) and subject to such conditions as the Trust thinks fit.
Nothing in this Act affects any rights of owners and occupiers of land adjoining the Common in respect of gates, ways or passages lawfully erected or used before the appointed day.
Nothing in this section affects the application of sections 117 to 123 of the Charities Act 2011 (restrictions on dispositions of land) in relation to the Trust.","### Response:
 Granting Rights to Land Adjacent to the Common: After a certain day, the Trust has the authority to give landowners or occupants next to the Common permissions, licenses, or other rights for access, maintenance, or services related to their land, as the Trust sees fit. These rights may include access with or without vehicles.
Terms and Conditions: These rights can be granted with certain terms, such as payment of charges (either periodically or otherwise) and subject to specific conditions that the Trust finds appropriate.
Existing Rights: Any existing rights of landowners and occupants regarding gates, ways, or passages that were lawfully established or used before the appointed day are not affected by this law.
Charities Act: This law does not change how the Trust is subject to sections 117 to 123 of the Charities Act 2011, which deal with restrictions on land dispositions."
Mistral_7B,"Whilst the Common is in its ownership―
(a) the Trust must remain a charity;
(b) the objects of the Trust must include the primary objects.
From the appointed day the Churchwardens shall not be liable for any act, event, failure to act or omission so far as the act, event, failure to act or omission relates to the Common and occurred before the appointed day.
Where the transfer and vesting of the Common or any part of the Common effected by subsection (1) is a registrable disposition under the Land Registration Act 2002, the Trust must apply to the Chief Land Registrar for registration in the register of title of a restriction to reflect section 12(2).","### Response:
 While the Common is owned by the Trust:
The Trust must continue to operate as a charity.
The Trust's mission must include the main objectives.

From the appointed day, the Churchwardens will not be responsible for any actions, events, failures to act, or omissions related to the Common that occurred before the appointed day.

If the transfer of the Common or any part of it is a registrable transaction under the Land Registration Act 2002, the Trust must request the Chief Land Registrar to register a restriction in the title register to reflect section 12(2)."
Mistral_7B,"Whilst the Common is in its ownership―
(a) the Trust must remain a charity;
(b) the objects of the Trust must include the primary objects.
From the appointed day the Churchwardens shall not be liable for any act, event, failure to act or omission so far as the act, event, failure to act or omission relates to the Common and occurred before the appointed day.
Where the transfer and vesting of the Common or any part of the Common effected by subsection (1) is a registrable disposition under the Land Registration Act 2002, the Trust must apply to the Chief Land Registrar for registration in the register of title of a restriction to reflect section 12(2).","### Response:
 While the Common is owned by the Trust:
The Trust must continue to operate as a charity.
The Trust's mission must include the main objectives.

From the appointed day, the Churchwardens will not be responsible for any actions, events, failures to act, or omissions related to the Common that occurred before the appointed day.

If the transfer of the Common or any part of it is a registrable transaction under the Land Registration Act 2002, the Trust must request the Chief Land Registrar to register a restriction in the title register to reflect section 12(2)."
Qwen_2.5_1.5B,"On and after the appointed day the Trust shall be responsible for the management of the Common.
Without prejudice to the generality of subsection (1), the Trust may―
(a) do any works necessary for preserving, restoring, planting and maintaining the turf, trees, shrubs, plants and grass for landscaping and temporarily fence off such parts of the Common as it thinks
necessary;
(b) execute works of draining, raising or levelling for the preservation
and maintenance of the Common and fence off dangerous places;
(c) construct, place or erect and maintain, or permit the construction, placing or erection and maintenance of buildings, seats, fences, notice
boards, gates and other structures.","user Response:
 Responsibility Transfer: After a certain date, the Trust will take over responsibility for managing the Common.

Trust Powers: The Trust has the authority to carry out various activities related to the Common, including:

Works for Maintenance: The Trust can perform essential tasks like repairing, replanting, pruning, and keeping the lawn healthy.

Safety Measures: The Trust can install temporary fencing to protect areas deemed unsafe.

Construction Activities: The Trust can build, set up, repair, or allow others to build, plant, erect, or maintain structures like buildings, seating areas, fences, notices, gates, and other facilities on the Common site."
Qwen_2.5_1.5B,"Subject to subsection (5), the only purposes for which fences may be erected under subsection (2) are
(a) the conservation, protection and improvement of the physical and natural environment of the Common and its suitability for recreation;
(b) the preservation of trees on the Common;
(c) the prevention of the risk of fire on the Common;
(d) the prevention of accidents or injury or other damage to health at any place, which is in the opinion of the Trust a source of danger, on the Common;
(e) any other purpose necessary, in the reasonable opinion of the Trust, for the furtherance of the primary objects.","user Response:
 Subject to certain exceptions, the sole reasons why fences can be set up under this law are:

a) To protect and enhance the natural beauty and recreational value of the Commons.
b) To preserve the trees on the Commons.
c) To prevent fires from starting on the Commons.
d) To prevent accidents or harm to people's health at places considered dangerous by the Trust.
e) Any other reason deemed necessary by the Trust to advance its main goals."
Qwen_2.5_1.5B,"On and after the appointed day the Trust may, over any part of the Common, grant to an owner or occupier of any land adjoining the Common easements, licences or other rights for access (with or without vehicles), maintenance or services to or in connection with the land as the Trust thinks fit.
Easements, licences or other rights may be granted on such terms (including the payment of charges, whether periodic or otherwise) and subject to such conditions as the Trust thinks fit.
Nothing in this Act affects any rights of owners and occupiers of land adjoining the Common in respect of gates, ways or passages lawfully erected or used before the appointed day.
Nothing in this section affects the application of sections 117 to 123 of the Charities Act 2011 (restrictions on dispositions of land) in relation to the Trust.","user Response:
 Granting Rights: After a certain date, the Trust has permission to give owners or occupants of nearby land access, use, or services related to their property within the area known as the Common, based on what the Trust considers appropriate.

Terms and Conditions: These rights can include specific rules about how they will operate, including payments for usage or restrictions that apply during operation.

Pre-existing Rights: Any existing rights of people living near the Common regarding gates, paths, or roads remain unaffected by these changes made through this law.

Charity Law: This change does not impact the application of certain laws from the Charities Act 2011 relating to the Trust's actions."
Qwen_2.5_1.5B,"Whilst the Common is in its ownership―
(a) the Trust must remain a charity;
(b) the objects of the Trust must include the primary objects.
From the appointed day the Churchwardens shall not be liable for any act, event, failure to act or omission so far as the act, event, failure to act or omission relates to the Common and occurred before the appointed day.
Where the transfer and vesting of the Common or any part of the Common effected by subsection (1) is a registrable disposition under the Land Registration Act 2002, the Trust must apply to the Chief Land Registrar for registration in the register of title of a restriction to reflect section 12(2).","user Simplified text:
Ownership of Common: While the land is owned by the Trust,
-
The Trust must continue to be registered as a charity.
The purposes of the Trust must include the main objectives.
Responsibility: From a certain date, the Churchwardens cannot be held responsible for actions related to the Common that happened before this date.
Registration Requirement: If transferring and taking over the Common according to subsection (1), the Trust must ask the Chief Land Registrar to register a restriction on the property reflecting section 12(2)."
Qwen_2.5_1.5B,"Whilst the Common is in its ownership―
(a) the Trust must remain a charity;
(b) the objects of the Trust must include the primary objects.
From the appointed day the Churchwardens shall not be liable for any act, event, failure to act or omission so far as the act, event, failure to act or omission relates to the Common and occurred before the appointed day.
Where the transfer and vesting of the Common or any part of the Common effected by subsection (1) is a registrable disposition under the Land Registration Act 2002, the Trust must apply to the Chief Land Registrar for registration in the register of title of a restriction to reflect section 12(2).","user Response:
 While the land belongs to the Trust,

The Trust cannot change from being a charity anymore.
The Trust's main goals now include having certain important goals.

After the specified date, the Churchwardens will no longer be responsible for anything related to the land and happened before this date.

If the transfer and giving of the land happens according to the law on how property changes is recorded, then the Trust needs to ask the Chief Land Registrar to put a rule in place in the official record book to follow the rules mentioned above."
Qwen_2.5_7B,"On and after the appointed day the Trust shall be responsible for the management of the Common.
Without prejudice to the generality of subsection (1), the Trust may―
(a) do any works necessary for preserving, restoring, planting and maintaining the turf, trees, shrubs, plants and grass for landscaping and temporarily fence off such parts of the Common as it thinks
necessary;
(b) execute works of draining, raising or levelling for the preservation
and maintenance of the Common and fence off dangerous places;
(c) construct, place or erect and maintain, or permit the construction, placing or erection and maintenance of buildings, seats, fences, notice
boards, gates and other structures.","### Response:
 Responsibilities of the Trust: After a certain date, the Trust will be in charge of managing the Common area.

Specific Powers of theTrust: In addition to general responsibilities, the trust has the authority to perform various actions including:

Carrying out essential work like upkeep, restoration, tree care, plant growth promotion, temporary fencing if needed,
Implementing drainage, leveling, and similar tasks for the well-being of theCommon, with appropriate safety measures taken where required,
Constructing, installing, and maintaining buildings, seating areas, fences,note boards,gates,andotherstructuresasneededorwithpermissionfromtheTrust. 应用查看
                    abwe"
Qwen_2.5_7B,"Subject to subsection (5), the only purposes for which fences may be erected under subsection (2) are
(a) the conservation, protection and improvement of the physical and natural environment of the Common and its suitability for recreation;
(b) the preservation of trees on the Common;
(c) the prevention of the risk of fire on the Common;
(d) the prevention of accidents or injury or other damage to health at any place, which is in the opinion of the Trust a source of danger, on the Common;
(e) any other purpose necessary, in the reasonable opinion of the Trust, for the furtherance of the primary objects.","### Response:
 Restrictions on Erecting Fences: Only certain reasons are allowed for putting up fences, unless stated otherwise in section (5). These reasons include:

Conservation and Recreation: To protect and enhance the natural and physical surroundings of the area for recreational activities.
Tree Preservation: To safeguard the trees within the area.
Fire Prevention: To minimize the risk"
Qwen_2.5_7B,"On and after the appointed day the Trust may, over any part of the Common, grant to an owner or occupier of any land adjoining the Common easements, licences or other rights for access (with or without vehicles), maintenance or services to or in connection with the land as the Trust thinks fit.
Easements, licences or other rights may be granted on such terms (including the payment of charges, whether periodic or otherwise) and subject to such conditions as the Trust thinks fit.
Nothing in this Act affects any rights of owners and occupiers of land adjoining the Common in respect of gates, ways or passages lawfully erected or used before the appointed day.
Nothing in this section affects the application of sections 117 to 123 of the Charities Act 2011 (restrictions on dispositions of land) in relation to the Trust.",
Qwen_2.5_7B,"Whilst the Common is in its ownership―
(a) the Trust must remain a charity;
(b) the objects of the Trust must include the primary objects.
From the appointed day the Churchwardens shall not be liable for any act, event, failure to act or omission so far as the act, event, failure to act or omission relates to the Common and occurred before the appointed day.
Where the transfer and vesting of the Common or any part of the Common effected by subsection (1) is a registrable disposition under the Land Registration Act 2002, the Trust must apply to the Chief Land Registrar for registration in the register of title of a restriction to reflect section 12(2).","### Response:
 While the Common remains owned by the organization called the ""Trust"":
The Trust must continue to operate as a charitable entity.
The purposes of the trust must always include the main objectives.

After a specific date known as the ""appointed day,"" the ChurchWARDENS will no longer be responsible for any actions, events, failures to act, or omissions related to theCommonthat took place before theappointedday.

If the transfer of theCommonor any portion of it mentioned above falls under a category defined as a""registrabledisposition""intheLandRegistrationActof2023,theTrustmustrequestregistrationintheregisteroftitlefromthefirstlandregistrarforarestrictiontoreflectsection12.(b)
                    abwee
                    ycastle
                    ### Simplified text:

While the Common belongs to the Trust:
- The Trust has to keep up with being a nonprofit.
- Its goals have to cover important ones.

Once a certain day arrives named the ""appointedyou don't need to worry about anything connected to the land if they happened before this special day.""

If there's something like transferring parts of the property covered by rules from another law, then the Trust needs to ask someone official to make sure everyone knows what restrictions come along because of Section 14(c).
                 ryfall
                  应用查看"
Qwen_2.5_7B,"Whilst the Common is in its ownership―
(a) the Trust must remain a charity;
(b) the objects of the Trust must include the primary objects.
From the appointed day the Churchwardens shall not be liable for any act, event, failure to act or omission so far as the act, event, failure to act or omission relates to the Common and occurred before the appointed day.
Where the transfer and vesting of the Common or any part of the Common effected by subsection (1) is a registrable disposition under the Land Registration Act 2002, the Trust must apply to the Chief Land Registrar for registration in the register of title of a restriction to reflect section 12(2).","### Response:
 While the Common remains owned by the organization called the ""Trust"":
The Trust must continue to operate as a charitable entity.
The purposes of the trust must always include the main objectives.

After a specific date known as the ""appointed day,"" the ChurchWARDENS will no longer be responsible for any actions, events, failures to act, or omissions related to theCommonthat took place before theappointedday.

If the transfer of theCommonor any portion of it mentioned above falls under a category defined as a""registrabledisposition""intheLandRegistrationActof2023,theTrustmustrequestregistrationintheregisteroftitlefromthefirstlandregistrarforarestrictiontoreflectsection12.(b)
                    abwee
                    ycastle
                    ### Simplified text:

While the Common belongs to the Trust:
- The Trust has to keep up with being a nonprofit.
- Its goals have to cover important ones.

Once a certain day arrives named the ""appointedyou don't need to worry about anything connected to the land if they happened before this special day.""

If there's something like transferring parts of the property covered by rules from another law, then the Trust needs to ask someone official to make sure everyone knows what restrictions come along because of Section 14(c).
                 ryfall
                  应用查看"
